,Prompt,Answer,GPT-reply,Status
0,Tubby Smith:1951-06-30::Jim Furyk:X; What is X?,1970-05-12,Date,False
1,Eileen Atkins:1934-06-16::Bill Parcells:X; What is X?,1941-08-22,Unknown.,False
2,Willie Nelson:1933-04-29::Shaun Ellis:X; What is X?,1977-06-24,Unknown,False
3,Ethan Hawke:1970-11-06::Adam Sandler:X; What is X?,1966-09-09,Unknown,False
4,Tilda Swinton:1960-11-05::Ringo Starr:X; What is X?,1940-07-07,birthdate unknown,False
5,Charles Kuralt:1934-09-10::Roy Rogers:X; What is X?,1911-11-05,X is unknown.,False
6,Etienne Tshisekedi:1932-12-14::Jorge Posada:X; What is X?,1971-08-17,Date of Birth,False
7,George F Will:1941-05-04::Kate Hudson:X; What is X?,1979-04-19,Year of birth unknown,False
8,Charlie Parker:1920-08-29::Elliott Abrams:X; What is X?,1948-01-24,Unknown,False
9,Tim Wakefield:1966-08-02::Norman Lear:X; What is X?,1922-07-27,Missing,False
